time,fn_max,resultant_fn,resultant_ftx,resultant_fty
0.00833,0.0,0.0,0.0,0.0
0.01666,0.0,0.0,0.0,0.0
0.024990000000000002,0.0,0.0,0.0,0.0
0.03332,0.0,0.0,0.0,0.0
0.041650000000000006,0.0,0.0,0.0,0.0
0.04998000000000001,0.0,0.0,0.0,0.0
0.058310000000000015,0.0,0.0,0.0,0.0
0.06664000000000002,0.0,0.0,0.0,0.0
0.07497000000000002,0.0,0.0,0.0,0.0
0.08330000000000003,0.0,0.0,0.0,0.0
0.09163000000000003,0.0,0.0,0.0,0.0
0.09996000000000003,0.053026734420500626,1.1999040507368175,0.0,0.0
0.10829000000000004,0.028170756410050506,0.18438317866825132,0.0,0.0
0.11662000000000004,0.0219342128401508,0.08045386139191919,0.0,0.0
0.12495000000000005,0.02184471928924217,0.07982628837082642,0.0,0.0
0.13328000000000004,0.022258854464340356,0.0827080051034094,0.0,0.0
0.14161000000000004,0.02256890270713762,0.08483028793440194,0.0,0.0
0.14994000000000005,0.022774978637929016,0.08622565721018599,0.0,0.0
0.15827000000000005,0.02291222678150089,0.0871486366853921,0.0,0.0
0.16660000000000005,0.02300499055629771,0.08776970029760248,0.0,0.0
0.17493000000000006,0.023068471588794857,0.08819346128582647,0.0,0.0
0.18326000000000006,0.023112300228555815,0.08915111643600225,0.0,0.0
0.19159000000000007,0.02314274577996602,0.09348125882423028,0.0,0.0
0.19992000000000007,0.023163983609248963,0.0950509474249038,0.0,0.0
0.20825000000000007,0.02317884128905957,0.09597961573203598,0.0,0.0
0.21658000000000008,0.02318925632666878,0.09657685457408718,0.0,0.0
0.22491000000000008,0.023196567300176933,0.0969752284383771,0.0,0.0
0.2332400000000001,0.023201704323660234,0.09724623890463033,0.0,0.0
0.2415700000000001,0.023205316285760686,0.09743278514320676,0.0,0.0
0.2499000000000001,0.023207857152218278,0.09756214978803404,0.0,0.0
0.25823000000000007,0.023209645145257404,0.09765229873830104,0.0,0.0
0.2665600000000001,0.02321090364149878,0.09771532546585229,0.0,0.0
0.2748900000000001,0.023211789592741502,0.09775948811436702,0.0,0.0
0.2832200000000001,0.02321241335375713,0.09779048016233538,0.0,0.0
0.2915500000000001,0.02321285255360081,0.09781225255183412,0.0,0.0
0.2998800000000001,0.023213161818863393,0.09782755929066554,0.0,0.0
0.3082100000000001,0.023213379598724968,0.09783832600910333,0.0,0.0
0.3165400000000001,0.02321353296034661,0.09784590202696546,0.0,0.0
0.3248700000000001,0.023213640960506158,0.09785123425513362,0.0,0.0
0.3332000000000001,0.023213717017341273,0.09785498790521828,0.0,0.0
0.3415300000000001,0.023213770579297594,0.09785763063766757,0.0,0.0
0.3498600000000001,0.023213808299816695,0.09785949139969309,0.0,0.0
0.3581900000000001,0.023213834864279484,0.09786080165330599,0.0,0.0
0.3665200000000001,0.023213853572217655,0.09786172430721268,0.0,0.0
0.3748500000000001,0.023213866747255747,0.0978623740412338,0.0,0.0
0.38318000000000013,0.023213876025773048,0.09786283159461623,0.0,0.0
0.39151000000000014,0.023213882560174513,0.09786315381613273,0.0,0.0
0.39984000000000014,0.02321388716203466,0.09786338073570411,0.0,0.0
0.40817000000000014,0.023213890402902202,0.09786354054154386,0.0,0.0
0.41650000000000015,0.02321389268528943,0.09786365308380719,0.0,0.0
0.42483000000000015,0.023213894292665547,0.09786373234128834,0.0,0.0
0.43316000000000016,0.023213895424663858,0.09786378815822916,0.0,0.0
0.44149000000000016,0.023213896221876387,0.0978638274672842,0.0,0.0
0.44982000000000016,0.02321389678331528,0.09786385515070413,0.0,0.0
0.45815000000000017,0.023213897178710037,0.09786387464678317,0.0,0.0
0.4664800000000002,0.02321389745716781,0.09786388837692725,0.0,0.0
0.4748100000000002,0.023213897653272406,0.09786389804640713,0.0,0.0
0.4831400000000002,0.023213897791379588,0.09786390485615866,0.0,0.0
0.4914700000000002,0.02321389788864193,0.0978639096519418,0.0,0.0
0.4998000000000002,0.02321389795713919,0.09786391302938323,0.0,0.0
0.5081300000000002,0.023213898005378566,0.09786391540795474,0.0,0.0
0.5164600000000001,0.023213898039351276,0.09786391708306975,0.0,0.0
0.5247900000000001,0.023213898063276645,0.09786391826277376,0.0,0.0
0.53312,0.023213898080126145,0.09786391909358351,0.0,0.0
0.54145,0.02321389809199246,0.09786391967868323,0.0,0.0
0.5497799999999999,0.02321389810034933,0.09786392009074125,0.0,0.0
0.5581099999999999,0.023213898106234688,0.0978639203809343,0.0,0.0
0.5664399999999998,0.023213898110379463,0.09786392058530338,0.0,0.0
0.5747699999999998,0.02321389811329844,0.09786392072923106,0.0,0.0
0.5830999999999997,0.023213898115354126,0.09786392083059232,0.0,0.0
0.5914299999999997,0.023213898116801853,0.09786392090197611,0.0,0.0
0.5997599999999996,0.023213898117821423,0.09786392095224865,0.0,0.0
0.6080899999999996,0.023213898118539446,0.0978639209876531,0.0,0.0
0.6164199999999995,0.023213898119045128,0.09786392101258685,0.0,0.0
0.6247499999999995,0.023213898119401246,0.09786392103014646,0.0,0.0
0.6330799999999994,0.02321389811965205,0.09786392104251264,0.0,0.0
0.6414099999999994,0.02321389811982868,0.09786392105122188,0.0,0.0
0.6497399999999993,0.02321389811995307,0.09786392105735534,0.0,0.0
0.6580699999999993,0.023213898120040672,0.09786392106167481,0.0,0.0
0.6663999999999992,0.023213898120102362,0.09786392106471671,0.0,0.0
0.6747299999999992,0.02321389812014581,0.09786392106685918,0.0,0.0
0.6830599999999991,0.023213898120176414,0.09786392106836775,0.0,0.0
0.6913899999999991,0.023213898120197952,0.09786392106943015,0.0,0.0
0.699719999999999,0.023213898120213135,0.09786392107017852,0.0,0.0
0.708049999999999,0.023213898120223828,0.09786392107070556,0.0,0.0
0.7163799999999989,0.023213898120231353,0.09786392107107685,0.0,0.0
0.7247099999999989,0.023213898120236647,0.09786392107133796,0.0,0.0
0.7330399999999988,0.02321389812024039,0.09786392107152218,0.0,0.0
0.7413699999999988,0.023213898120243014,0.09786392107165165,0.0,0.0
0.7496999999999987,0.02321389812024487,0.09786392107174328,0.0,0.0
0.7580299999999986,0.02321389812024616,0.09786392107180718,0.0,0.0
0.7663599999999986,0.023213898120247087,0.09786392107185285,0.0,0.0
0.7746899999999985,0.023213898120247732,0.09786392107188448,0.0,0.0
0.7830199999999985,0.02321389812024819,0.09786392107190695,0.0,0.0
0.7913499999999984,0.02321389812024851,0.0978639210719229,0.0,0.0
0.7996799999999984,0.02321389812024873,0.0978639210719338,0.0,0.0
0.8080099999999983,0.023213898120248894,0.09786392107194176,0.0,0.0
0.8163399999999983,0.023213898120249005,0.09786392107194751,0.0,0.0
0.8246699999999982,0.02321389812024908,0.09786392107195134,0.0,0.0
0.8329999999999982,0.023213898120249144,0.097863921071954,0.0,0.0
0.8413299999999981,0.02321389812024918,0.09786392107195593,0.0,0.0
0.8496599999999981,0.02321389812024921,0.09786392107195714,0.0,0.0
0.857989999999998,0.023213898120249224,0.09786392107195821,0.0,0.0
0.866319999999998,0.023213898120249245,0.09786392107195883,0.0,0.0
0.8746499999999979,0.023213898120249245,0.09786392107195942,0.0,0.0
0.8829799999999979,0.023213898120249255,0.09786392107195976,0.0,0.0
0.8913099999999978,0.02321389812024927,0.09786392107195993,0.0,0.0
0.8996399999999978,0.02321389812024927,0.09786392107195993,0.0,0.0
0.9079699999999977,0.02321389812024927,0.09786392107196029,0.0,0.0
0.9162999999999977,0.023213898120249276,0.0978639210719603,0.0,0.0
0.9246299999999976,0.023213898120249276,0.0978639210719603,0.0,0.0
0.9329599999999976,0.023213898120249273,0.09786392107196047,0.0,0.0
0.9412899999999975,0.02321389812024927,0.09786392107196029,0.0,0.0
0.9496199999999975,0.023213898120249273,0.09786392107196047,0.0,0.0
0.9579499999999974,0.023213898120249273,0.09786392107196047,0.0,0.0
0.9662799999999974,0.023213898120249273,0.09786392107196047,0.0,0.0
0.9746099999999973,0.023213898120249273,0.09786392107196047,0.0,0.0
0.9829399999999973,0.023213898120249273,0.09786392107196047,0.0,0.0
0.9912699999999972,0.023213898120249273,0.09786392107196047,0.0,0.0
0.9995999999999972,0.023213898120249273,0.09786392107196047,0.0,0.0
1.007929999999997,0.023213898120249273,0.09786392107196047,0.0,0.0
1.016259999999997,0.023213898120249273,0.09786392107196047,0.0,0.0
1.024589999999997,0.023213898120249273,0.09786392107196047,0.0,0.0
1.032919999999997,0.023213898120249273,0.09786392107196047,0.0,0.0
1.041249999999997,0.023213898120249273,0.09786392107196047,0.0,0.0
1.0495799999999968,0.023213898120249273,0.09786392107196047,0.0,0.0
1.0579099999999968,0.023213898120249273,0.09786392107196047,0.0,0.0
1.0662399999999967,0.023213898120249273,0.09786392107196047,0.0,0.0
1.0745699999999967,0.023213898120249273,0.09786392107196047,0.0,0.0
1.0828999999999966,0.023213898120249273,0.09786392107196047,0.0,0.0
1.0912299999999966,0.023213898120249273,0.09786392107196047,0.0,0.0
1.0995599999999965,0.023213898120249273,0.09786392107196047,0.0,0.0
1.1078899999999965,0.023213898120249273,0.09786392107196047,0.0,0.0
1.1162199999999964,0.023213898120249273,0.09786392107196047,0.0,0.0
1.1245499999999964,0.023213898120249273,0.09786392107196047,0.0,0.0
1.1328799999999963,0.023213898120249273,0.09786392107196047,0.0,0.0
1.1412099999999963,0.023213898120249273,0.09786392107196047,0.0,0.0
1.1495399999999962,0.023213898120249273,0.09786392107196047,0.0,0.0
1.1578699999999962,0.023213898120249273,0.09786392107196047,0.0,0.0
1.1661999999999961,0.023213898120249273,0.09786392107196047,0.0,0.0
1.174529999999996,0.023213898120249273,0.09786392107196047,0.0,0.0
1.182859999999996,0.023213898120249273,0.09786392107196047,0.0,0.0
1.191189999999996,0.023213898120249273,0.09786392107196047,0.0,0.0
1.199519999999996,0.023213898120249273,0.09786392107196047,0.0,0.0
1.2078499999999959,0.023213898120249273,0.09786392107196047,0.0,0.0
1.2161799999999958,0.023213898120249273,0.09786392107196047,0.0,0.0
1.2245099999999958,0.023213898120249273,0.09786392107196047,0.0,0.0
1.2328399999999957,0.023213898120249273,0.09786392107196047,0.0,0.0
1.2411699999999957,0.023213898120249273,0.09786392107196047,0.0,0.0
1.2494999999999956,0.023213898120249273,0.09786392107196047,0.0,0.0
1.2578299999999956,0.023213898120249273,0.09786392107196047,0.0,0.0
1.2661599999999955,0.023213898120249273,0.09786392107196047,0.0,0.0
1.2744899999999955,0.023213898120249273,0.09786392107196047,0.0,0.0
1.2828199999999954,0.023213898120249273,0.09786392107196047,0.0,0.0
1.2911499999999954,0.023213898120249273,0.09786392107196047,0.0,0.0
1.2994799999999953,0.023213898120249273,0.09786392107196047,0.0,0.0
1.3078099999999953,0.023213898120249273,0.09786392107196047,0.0,0.0
1.3161399999999952,0.023213898120249273,0.09786392107196047,0.0,0.0
1.3244699999999952,0.023213898120249273,0.09786392107196047,0.0,0.0
1.332799999999995,0.023213898120249273,0.09786392107196047,0.0,0.0
1.341129999999995,0.023213898120249273,0.09786392107196047,0.0,0.0
1.349459999999995,0.023213898120249273,0.09786392107196047,0.0,0.0
1.357789999999995,0.023213898120249273,0.09786392107196047,0.0,0.0
1.366119999999995,0.023213898120249273,0.09786392107196047,0.0,0.0
1.3744499999999948,0.023213898120249273,0.09786392107196047,0.0,0.0
1.3827799999999948,0.023213898120249273,0.09786392107196047,0.0,0.0
1.3911099999999947,0.023213898120249273,0.09786392107196047,0.0,0.0
1.3994399999999947,0.023213898120249273,0.09786392107196047,0.0,0.0
1.4077699999999946,0.023213898120249273,0.09786392107196047,0.0,0.0
1.4160999999999946,0.023213898120249273,0.09786392107196047,0.0,0.0
1.4244299999999945,0.023213898120249273,0.09786392107196047,0.0,0.0
1.4327599999999945,0.023213898120249273,0.09786392107196047,0.0,0.0
1.4410899999999944,0.023213898120249273,0.09786392107196047,0.0,0.0
1.4494199999999944,0.023213898120249273,0.09786392107196047,0.0,0.0
1.4577499999999943,0.023213898120249273,0.09786392107196047,0.0,0.0
1.4660799999999943,0.023213898120249273,0.09786392107196047,0.0,0.0
1.4744099999999942,0.023213898120249273,0.09786392107196047,0.0,0.0
1.4827399999999942,0.023213898120249273,0.09786392107196047,0.0,0.0
1.4910699999999941,0.023213898120249273,0.09786392107196047,0.0,0.0
1.499399999999994,0.023213898120249273,0.09786392107196047,0.0,0.0
1.507729999999994,0.023213898120249273,0.09786392107196047,0.0,0.0
1.516059999999994,0.023213898120249273,0.09786392107196047,0.0,0.0
1.524389999999994,0.023213898120249273,0.09786392107196047,0.0,0.0
1.5327199999999939,0.023213898120249273,0.09786392107196047,0.0,0.0
1.5410499999999938,0.023213898120249273,0.09786392107196047,0.0,0.0
1.5493799999999938,0.023213898120249273,0.09786392107196047,0.0,0.0
1.5577099999999937,0.023213898120249273,0.09786392107196047,0.0,0.0
1.5660399999999937,0.023213898120249273,0.09786392107196047,0.0,0.0
1.5743699999999936,0.023213898120249273,0.09786392107196047,0.0,0.0
1.5826999999999936,0.023213898120249273,0.09786392107196047,0.0,0.0
1.5910299999999935,0.023213898120249273,0.09786392107196047,0.0,0.0
1.5993599999999935,0.023213898120249273,0.09786392107196047,0.0,0.0
1.6076899999999934,0.023213898120249273,0.09786392107196047,0.0,0.0
1.6160199999999934,0.023213898120249273,0.09786392107196047,0.0,0.0
1.6243499999999933,0.023213898120249273,0.09786392107196047,0.0,0.0
1.6326799999999932,0.023213898120249273,0.09786392107196047,0.0,0.0
1.6410099999999932,0.023213898120249273,0.09786392107196047,0.0,0.0
1.6493399999999931,0.023213898120249273,0.09786392107196047,0.0,0.0
1.657669999999993,0.023213898120249273,0.09786392107196047,0.0,0.0
1.665999999999993,0.023213898120249273,0.09786392107196047,0.0,0.0
1.674329999999993,0.023213898120249273,0.09786392107196047,0.0,0.0
1.682659999999993,0.023213898120249273,0.09786392107196047,0.0,0.0
1.6909899999999929,0.023213898120249273,0.09786392107196047,0.0,0.0
1.6993199999999928,0.023213898120249273,0.09786392107196047,0.0,0.0
1.7076499999999928,0.023213898120249273,0.09786392107196047,0.0,0.0
1.7159799999999927,0.023213898120249273,0.09786392107196047,0.0,0.0
1.7243099999999927,0.023213898120249273,0.09786392107196047,0.0,0.0
1.7326399999999926,0.023213898120249273,0.09786392107196047,0.0,0.0
1.7409699999999926,0.023213898120249273,0.09786392107196047,0.0,0.0
1.7492999999999925,0.023213898120249273,0.09786392107196047,0.0,0.0
1.7576299999999925,0.023213898120249273,0.09786392107196047,0.0,0.0
1.7659599999999924,0.023213898120249273,0.09786392107196047,0.0,0.0
1.7742899999999924,0.023213898120249273,0.09786392107196047,0.0,0.0
1.7826199999999923,0.023213898120249273,0.09786392107196047,0.0,0.0
1.7909499999999923,0.023213898120249273,0.09786392107196047,0.0,0.0
1.7992799999999922,0.023213898120249273,0.09786392107196047,0.0,0.0
1.8076099999999922,0.023213898120249273,0.09786392107196047,0.0,0.0
1.8159399999999921,0.023213898120249273,0.09786392107196047,0.0,0.0
1.824269999999992,0.023213898120249273,0.09786392107196047,0.0,0.0
1.832599999999992,0.023213898120249273,0.09786392107196047,0.0,0.0
1.840929999999992,0.023213898120249273,0.09786392107196047,0.0,0.0
1.849259999999992,0.023213898120249273,0.09786392107196047,0.0,0.0
1.8575899999999919,0.023213898120249273,0.09786392107196047,0.0,0.0
1.8659199999999918,0.023213898120249273,0.09786392107196047,0.0,0.0
1.8742499999999918,0.023213898120249273,0.09786392107196047,0.0,0.0
1.8825799999999917,0.023213898120249273,0.09786392107196047,0.0,0.0
1.8909099999999917,0.023213898120249273,0.09786392107196047,0.0,0.0
1.8992399999999916,0.023213898120249273,0.09786392107196047,0.0,0.0
1.9075699999999916,0.023213898120249273,0.09786392107196047,0.0,0.0
1.9158999999999915,0.023213898120249273,0.09786392107196047,0.0,0.0
1.9242299999999914,0.023213898120249273,0.09786392107196047,0.0,0.0
1.9325599999999914,0.023213898120249273,0.09786392107196047,0.0,0.0
1.9408899999999913,0.023213898120249273,0.09786392107196047,0.0,0.0
1.9492199999999913,0.023213898120249273,0.09786392107196047,0.0,0.0
1.9575499999999912,0.023213898120249273,0.09786392107196047,0.0,0.0
1.9658799999999912,0.023213898120249273,0.09786392107196047,0.0,0.0
1.9742099999999911,0.023213898120249273,0.09786392107196047,0.0,0.0
1.982539999999991,0.023213898120249273,0.09786392107196047,0.0,0.0
1.990869999999991,0.023213898120249273,0.09786392107196047,0.0,0.0
1.999199999999991,0.023213898120249273,0.09786392107196047,0.0,0.0
2.007529999999991,0.023213898120249273,0.09786392107196047,0.0,0.0
2.015859999999991,0.023213898120249273,0.09786392107196047,0.0,0.0
2.024189999999991,0.023213898120249273,0.09786392107196047,0.0,0.0
2.032519999999991,0.023213898120249273,0.09786392107196047,0.0,0.0
2.040849999999991,0.023213898120249273,0.09786392107196047,0.0,0.0
2.049179999999991,0.023213898120249273,0.09786392107196047,0.0,0.0
2.057509999999991,0.023213898120249273,0.09786392107196047,0.0,0.0
2.065839999999991,0.023213898120249273,0.09786392107196047,0.0,0.0
2.0741699999999907,0.023213898120249273,0.09786392107196047,0.0,0.0
2.0824999999999907,0.023213898120249273,0.09786392107196047,0.0,0.0
2.0908299999999906,0.023213898120249273,0.09786392107196047,0.0,0.0
2.0991599999999906,0.023213898120249273,0.09786392107196047,0.0,0.0
2.1074899999999905,0.023213898120249273,0.09786392107196047,0.0,0.0
2.1158199999999905,0.023213898120249273,0.09786392107196047,0.0,0.0
2.1241499999999904,0.023213898120249273,0.09786392107196047,0.0,0.0
2.1324799999999904,0.023213898120249273,0.09786392107196047,0.0,0.0
2.1408099999999903,0.023213898120249273,0.09786392107196047,0.0,0.0
2.1491399999999903,0.023213898120249273,0.09786392107196047,0.0,0.0
2.1574699999999902,0.023213898120249273,0.09786392107196047,0.0,0.0
2.16579999999999,0.023213898120249273,0.09786392107196047,0.0,0.0
2.17412999999999,0.023213898120249273,0.09786392107196047,0.0,0.0
2.18245999999999,0.023213898120249273,0.09786392107196047,0.0,0.0
2.19078999999999,0.023213898120249273,0.09786392107196047,0.0,0.0
2.19911999999999,0.023213898120249273,0.09786392107196047,0.0,0.0
2.20744999999999,0.023213898120249273,0.09786392107196047,0.0,0.0
2.21577999999999,0.023213898120249273,0.09786392107196047,0.0,0.0
2.22410999999999,0.023213898120249273,0.09786392107196047,0.0,0.0
2.2324399999999898,0.023213898120249273,0.09786392107196047,0.0,0.0
2.2407699999999897,0.023213898120249273,0.09786392107196047,0.0,0.0
2.2490999999999897,0.023213898120249273,0.09786392107196047,0.0,0.0
2.2574299999999896,0.023213898120249273,0.09786392107196047,0.0,0.0
2.2657599999999896,0.023213898120249273,0.09786392107196047,0.0,0.0
2.2740899999999895,0.023213898120249273,0.09786392107196047,0.0,0.0
2.2824199999999895,0.023213898120249273,0.09786392107196047,0.0,0.0
2.2907499999999894,0.023213898120249273,0.09786392107196047,0.0,0.0
2.2990799999999894,0.023213898120249273,0.09786392107196047,0.0,0.0
2.3074099999999893,0.023213898120249273,0.09786392107196047,0.0,0.0
2.3157399999999893,0.023213898120249273,0.09786392107196047,0.0,0.0
2.324069999999989,0.023213898120249273,0.09786392107196047,0.0,0.0
2.332399999999989,0.023213898120249273,0.09786392107196047,0.0,0.0
2.340729999999989,0.023213898120249273,0.09786392107196047,0.0,0.0
2.349059999999989,0.023213898120249273,0.09786392107196047,0.0,0.0
2.357389999999989,0.023213898120249273,0.09786392107196047,0.0,0.0
2.365719999999989,0.023213898120249273,0.09786392107196047,0.0,0.0
2.374049999999989,0.023213898120249273,0.09786392107196047,0.0,0.0
2.382379999999989,0.023213898120249273,0.09786392107196047,0.0,0.0
2.390709999999989,0.023213898120249273,0.09786392107196047,0.0,0.0
2.3990399999999887,0.023213898120249273,0.09786392107196047,0.0,0.0
2.4073699999999887,0.023213898120249273,0.09786392107196047,0.0,0.0
2.4156999999999886,0.023213898120249273,0.09786392107196047,0.0,0.0
2.4240299999999886,0.023213898120249273,0.09786392107196047,0.0,0.0
2.4323599999999885,0.023213898120249273,0.09786392107196047,0.0,0.0
2.4406899999999885,0.023213898120249273,0.09786392107196047,0.0,0.0
2.4490199999999884,0.023213898120249273,0.09786392107196047,0.0,0.0
2.4573499999999884,0.023213898120249273,0.09786392107196047,0.0,0.0
2.4656799999999883,0.023213898120249273,0.09786392107196047,0.0,0.0
2.4740099999999883,0.023213898120249273,0.09786392107196047,0.0,0.0
2.4823399999999882,0.023213898120249273,0.09786392107196047,0.0,0.0
2.490669999999988,0.023213898120249273,0.09786392107196047,0.0,0.0
2.498999999999988,0.023213898120249273,0.09786392107196047,0.0,0.0
2.507329999999988,0.023213898120249273,0.09786392107196047,0.0,0.0
2.515659999999988,0.023213898120249273,0.09786392107196047,0.0,0.0
2.523989999999988,0.023213898120249273,0.09786392107196047,0.0,0.0
2.532319999999988,0.023213898120249273,0.09786392107196047,0.0,0.0
2.540649999999988,0.023213898120249273,0.09786392107196047,0.0,0.0
2.548979999999988,0.023213898120249273,0.09786392107196047,0.0,0.0
2.5573099999999878,0.023213898120249273,0.09786392107196047,0.0,0.0
2.5656399999999877,0.023213898120249273,0.09786392107196047,0.0,0.0
2.5739699999999877,0.023213898120249273,0.09786392107196047,0.0,0.0
2.5822999999999876,0.023213898120249273,0.09786392107196047,0.0,0.0
2.5906299999999876,0.023213898120249273,0.09786392107196047,0.0,0.0
2.5989599999999875,0.023213898120249273,0.09786392107196047,0.0,0.0
2.6072899999999875,0.023213898120249273,0.09786392107196047,0.0,0.0
2.6156199999999874,0.023213898120249273,0.09786392107196047,0.0,0.0
2.6239499999999873,0.023213898120249273,0.09786392107196047,0.0,0.0
2.6322799999999873,0.023213898120249273,0.09786392107196047,0.0,0.0
2.6406099999999872,0.023213898120249273,0.09786392107196047,0.0,0.0
2.648939999999987,0.023213898120249273,0.09786392107196047,0.0,0.0
2.657269999999987,0.023213898120249273,0.09786392107196047,0.0,0.0
2.665599999999987,0.023213898120249273,0.09786392107196047,0.0,0.0
2.673929999999987,0.023213898120249273,0.09786392107196047,0.0,0.0
2.682259999999987,0.023213898120249273,0.09786392107196047,0.0,0.0
2.690589999999987,0.023213898120249273,0.09786392107196047,0.0,0.0
2.698919999999987,0.023213898120249273,0.09786392107196047,0.0,0.0
2.707249999999987,0.023213898120249273,0.09786392107196047,0.0,0.0
2.715579999999987,0.023213898120249273,0.09786392107196047,0.0,0.0
2.7239099999999867,0.023213898120249273,0.09786392107196047,0.0,0.0
2.7322399999999867,0.023213898120249273,0.09786392107196047,0.0,0.0
2.7405699999999866,0.023213898120249273,0.09786392107196047,0.0,0.0
2.7488999999999866,0.023213898120249273,0.09786392107196047,0.0,0.0
2.7572299999999865,0.023213898120249273,0.09786392107196047,0.0,0.0
2.7655599999999865,0.023213898120249273,0.09786392107196047,0.0,0.0
2.7738899999999864,0.023213898120249273,0.09786392107196047,0.0,0.0
2.7822199999999864,0.023213898120249273,0.09786392107196047,0.0,0.0
2.7905499999999863,0.023213898120249273,0.09786392107196047,0.0,0.0
2.7988799999999863,0.023213898120249273,0.09786392107196047,0.0,0.0
2.807209999999986,0.023213898120249273,0.09786392107196047,0.0,0.0
2.815539999999986,0.023213898120249273,0.09786392107196047,0.0,0.0
2.823869999999986,0.023213898120249273,0.09786392107196047,0.0,0.0
2.832199999999986,0.023213898120249273,0.09786392107196047,0.0,0.0
2.840529999999986,0.023213898120249273,0.09786392107196047,0.0,0.0
2.848859999999986,0.023213898120249273,0.09786392107196047,0.0,0.0
2.857189999999986,0.023213898120249273,0.09786392107196047,0.0,0.0
2.865519999999986,0.023213898120249273,0.09786392107196047,0.0,0.0
2.873849999999986,0.023213898120249273,0.09786392107196047,0.0,0.0
2.8821799999999858,0.023213898120249273,0.09786392107196047,0.0,0.0
2.8905099999999857,0.023213898120249273,0.09786392107196047,0.0,0.0
2.8988399999999857,0.023213898120249273,0.09786392107196047,0.0,0.0
2.9071699999999856,0.023213898120249273,0.09786392107196047,0.0,0.0
2.9154999999999855,0.023213898120249273,0.09786392107196047,0.0,0.0
2.9238299999999855,0.023213898120249273,0.09786392107196047,0.0,0.0
2.9321599999999854,0.023213898120249273,0.09786392107196047,0.0,0.0
2.9404899999999854,0.023213898120249273,0.09786392107196047,0.0,0.0
2.9488199999999853,0.023213898120249273,0.09786392107196047,0.0,0.0
2.9571499999999853,0.023213898120249273,0.09786392107196047,0.0,0.0
2.9654799999999852,0.023213898120249273,0.09786392107196047,0.0,0.0
2.973809999999985,0.023213898120249273,0.09786392107196047,0.0,0.0
2.982139999999985,0.023213898120249273,0.09786392107196047,0.0,0.0
2.990469999999985,0.023213898120249273,0.09786392107196047,0.0,0.0
2.998799999999985,0.023213898120249273,0.09786392107196047,0.0,0.0
3.007129999999985,0.023213898120249273,0.09786392107196047,0.0,0.0
3.015459999999985,0.023213898120249273,0.09786392107196047,0.0,0.0
3.023789999999985,0.023213898120249273,0.09786392107196047,0.0,0.0
3.032119999999985,0.023213898120249273,0.09786392107196047,0.0,0.0
3.0404499999999848,0.023213898120249273,0.09786392107196047,0.0,0.0
3.0487799999999847,0.023213898120249273,0.09786392107196047,0.0,0.0
3.0571099999999847,0.023213898120249273,0.09786392107196047,0.0,0.0
3.0654399999999846,0.023213898120249273,0.09786392107196047,0.0,0.0
3.0737699999999846,0.023213898120249273,0.09786392107196047,0.0,0.0
3.0820999999999845,0.023213898120249273,0.09786392107196047,0.0,0.0
3.0904299999999845,0.023213898120249273,0.09786392107196047,0.0,0.0
3.0987599999999844,0.023213898120249273,0.09786392107196047,0.0,0.0
3.1070899999999844,0.023213898120249273,0.09786392107196047,0.0,0.0
3.1154199999999843,0.023213898120249273,0.09786392107196047,0.0,0.0
3.1237499999999843,0.023213898120249273,0.09786392107196047,0.0,0.0
3.132079999999984,0.023213898120249273,0.09786392107196047,0.0,0.0
3.140409999999984,0.023213898120249273,0.09786392107196047,0.0,0.0
3.148739999999984,0.023213898120249273,0.09786392107196047,0.0,0.0
3.157069999999984,0.023213898120249273,0.09786392107196047,0.0,0.0
3.165399999999984,0.023213898120249273,0.09786392107196047,0.0,0.0
3.173729999999984,0.023213898120249273,0.09786392107196047,0.0,0.0
3.182059999999984,0.023213898120249273,0.09786392107196047,0.0,0.0
3.190389999999984,0.023213898120249273,0.09786392107196047,0.0,0.0
3.198719999999984,0.023213898120249273,0.09786392107196047,0.0,0.0
3.2070499999999837,0.023213898120249273,0.09786392107196047,0.0,0.0
3.2153799999999837,0.023213898120249273,0.09786392107196047,0.0,0.0
3.2237099999999836,0.023213898120249273,0.09786392107196047,0.0,0.0
3.2320399999999836,0.023213898120249273,0.09786392107196047,0.0,0.0
3.2403699999999835,0.023213898120249273,0.09786392107196047,0.0,0.0
3.2486999999999835,0.023213898120249273,0.09786392107196047,0.0,0.0
3.2570299999999834,0.023213898120249273,0.09786392107196047,0.0,0.0
3.2653599999999834,0.023213898120249273,0.09786392107196047,0.0,0.0
3.2736899999999833,0.023213898120249273,0.09786392107196047,0.0,0.0
3.2820199999999833,0.023213898120249273,0.09786392107196047,0.0,0.0
3.2903499999999832,0.023213898120249273,0.09786392107196047,0.0,0.0
3.298679999999983,0.023213898120249273,0.09786392107196047,0.0,0.0
3.307009999999983,0.023213898120249273,0.09786392107196047,0.0,0.0
3.315339999999983,0.023213898120249273,0.09786392107196047,0.0,0.0
3.323669999999983,0.023213898120249273,0.09786392107196047,0.0,0.0
3.331999999999983,0.023213898120249273,0.09786392107196047,0.0,0.0
3.340329999999983,0.023213898120249273,0.09786392107196047,0.0,0.0
3.348659999999983,0.023213898120249273,0.09786392107196047,0.0,0.0
3.356989999999983,0.023213898120249273,0.09786392107196047,0.0,0.0
3.3653199999999828,0.023213898120249273,0.09786392107196047,0.0,0.0
3.3736499999999827,0.023213898120249273,0.09786392107196047,0.0,0.0
3.3819799999999827,0.023213898120249273,0.09786392107196047,0.0,0.0
3.3903099999999826,0.023213898120249273,0.09786392107196047,0.0,0.0
3.3986399999999826,0.023213898120249273,0.09786392107196047,0.0,0.0
3.4069699999999825,0.023213898120249273,0.09786392107196047,0.0,0.0
3.4152999999999825,0.023213898120249273,0.09786392107196047,0.0,0.0
3.4236299999999824,0.023213898120249273,0.09786392107196047,0.0,0.0
3.4319599999999824,0.023213898120249273,0.09786392107196047,0.0,0.0
3.4402899999999823,0.023213898120249273,0.09786392107196047,0.0,0.0
3.4486199999999823,0.023213898120249273,0.09786392107196047,0.0,0.0
3.456949999999982,0.023213898120249273,0.09786392107196047,0.0,0.0
3.465279999999982,0.023213898120249273,0.09786392107196047,0.0,0.0
3.473609999999982,0.023213898120249273,0.09786392107196047,0.0,0.0
3.481939999999982,0.023213898120249273,0.09786392107196047,0.0,0.0
3.490269999999982,0.023213898120249273,0.09786392107196047,0.0,0.0
3.498599999999982,0.023213898120249273,0.09786392107196047,0.0,0.0
3.506929999999982,0.023213898120249273,0.09786392107196047,0.0,0.0
3.515259999999982,0.023213898120249273,0.09786392107196047,0.0,0.0
3.523589999999982,0.023213898120249273,0.09786392107196047,0.0,0.0
3.5319199999999817,0.023213898120249273,0.09786392107196047,0.0,0.0
3.5402499999999817,0.023213898120249273,0.09786392107196047,0.0,0.0
3.5485799999999816,0.023213898120249273,0.09786392107196047,0.0,0.0
3.5569099999999816,0.023213898120249273,0.09786392107196047,0.0,0.0
3.5652399999999815,0.023213898120249273,0.09786392107196047,0.0,0.0
3.5735699999999815,0.023213898120249273,0.09786392107196047,0.0,0.0
3.5818999999999814,0.023213898120249273,0.09786392107196047,0.0,0.0
3.5902299999999814,0.023213898120249273,0.09786392107196047,0.0,0.0
3.5985599999999813,0.023213898120249273,0.09786392107196047,0.0,0.0
3.6068899999999813,0.023213898120249273,0.09786392107196047,0.0,0.0
3.6152199999999812,0.023213898120249273,0.09786392107196047,0.0,0.0
3.623549999999981,0.023213898120249273,0.09786392107196047,0.0,0.0
3.631879999999981,0.023213898120249273,0.09786392107196047,0.0,0.0
3.640209999999981,0.023213898120249273,0.09786392107196047,0.0,0.0
3.648539999999981,0.023213898120249273,0.09786392107196047,0.0,0.0
3.656869999999981,0.023213898120249273,0.09786392107196047,0.0,0.0
3.665199999999981,0.023213898120249273,0.09786392107196047,0.0,0.0
3.673529999999981,0.023213898120249273,0.09786392107196047,0.0,0.0
3.681859999999981,0.023213898120249273,0.09786392107196047,0.0,0.0
3.6901899999999808,0.023213898120249273,0.09786392107196047,0.0,0.0
3.6985199999999807,0.023213898120249273,0.09786392107196047,0.0,0.0
3.7068499999999807,0.023213898120249273,0.09786392107196047,0.0,0.0
3.7151799999999806,0.023213898120249273,0.09786392107196047,0.0,0.0
3.7235099999999806,0.023213898120249273,0.09786392107196047,0.0,0.0
3.7318399999999805,0.023213898120249273,0.09786392107196047,0.0,0.0
3.7401699999999805,0.023213898120249273,0.09786392107196047,0.0,0.0
3.7484999999999804,0.023213898120249273,0.09786392107196047,0.0,0.0
3.7568299999999804,0.023213898120249273,0.09786392107196047,0.0,0.0
3.7651599999999803,0.023213898120249273,0.09786392107196047,0.0,0.0
3.7734899999999802,0.023213898120249273,0.09786392107196047,0.0,0.0
3.78181999999998,0.023213898120249273,0.09786392107196047,0.0,0.0
3.79014999999998,0.023213898120249273,0.09786392107196047,0.0,0.0
3.79847999999998,0.023213898120249273,0.09786392107196047,0.0,0.0
3.80680999999998,0.023213898120249273,0.09786392107196047,0.0,0.0
3.81513999999998,0.023213898120249273,0.09786392107196047,0.0,0.0
3.82346999999998,0.023213898120249273,0.09786392107196047,0.0,0.0
3.83179999999998,0.023213898120249273,0.09786392107196047,0.0,0.0
3.84012999999998,0.023213898120249273,0.09786392107196047,0.0,0.0
3.84845999999998,0.023213898120249273,0.09786392107196047,0.0,0.0
3.8567899999999797,0.023213898120249273,0.09786392107196047,0.0,0.0
3.8651199999999797,0.023213898120249273,0.09786392107196047,0.0,0.0
3.8734499999999796,0.023213898120249273,0.09786392107196047,0.0,0.0
3.8817799999999796,0.023213898120249273,0.09786392107196047,0.0,0.0
3.8901099999999795,0.023213898120249273,0.09786392107196047,0.0,0.0
3.8984399999999795,0.023213898120249273,0.09786392107196047,0.0,0.0
3.9067699999999794,0.023213898120249273,0.09786392107196047,0.0,0.0
3.9150999999999794,0.023213898120249273,0.09786392107196047,0.0,0.0
3.9234299999999793,0.023213898120249273,0.09786392107196047,0.0,0.0
3.9317599999999793,0.023213898120249273,0.09786392107196047,0.0,0.0
3.940089999999979,0.023213898120249273,0.09786392107196047,0.0,0.0
3.948419999999979,0.023213898120249273,0.09786392107196047,0.0,0.0
3.956749999999979,0.023213898120249273,0.09786392107196047,0.0,0.0
3.965079999999979,0.023213898120249273,0.09786392107196047,0.0,0.0
3.973409999999979,0.023213898120249273,0.09786392107196047,0.0,0.0
3.981739999999979,0.023213898120249273,0.09786392107196047,0.0,0.0
3.990069999999979,0.023213898120249273,0.09786392107196047,0.0,0.0
3.998399999999979,0.023213898120249273,0.09786392107196047,0.0,0.0
4.006729999999979,0.023213898120249273,0.09786392107196047,0.0,0.0
4.015059999999979,0.023213898120249273,0.09786392107196047,0.0,0.0
4.023389999999979,0.023213898120249273,0.09786392107196047,0.0,0.0
4.031719999999979,0.023213898120249273,0.09786392107196047,0.0,0.0
4.040049999999979,0.023213898120249273,0.09786392107196047,0.0,0.0
4.0483799999999786,0.023213898120249273,0.09786392107196047,0.0,0.0
4.0567099999999785,0.023213898120249273,0.09786392107196047,0.0,0.0
4.0650399999999784,0.023213898120249273,0.09786392107196047,0.0,0.0
4.073369999999978,0.023213898120249273,0.09786392107196047,0.0,0.0
4.081699999999978,0.023213898120249273,0.09786392107196047,0.0,0.0
4.090029999999978,0.023213898120249273,0.09786392107196047,0.0,0.0
4.098359999999978,0.023213898120249273,0.09786392107196047,0.0,0.0
4.106689999999978,0.023213898120249273,0.09786392107196047,0.0,0.0
4.115019999999978,0.023213898120249273,0.09786392107196047,0.0,0.0
4.123349999999978,0.023213898120249273,0.09786392107196047,0.0,0.0
4.131679999999978,0.023213898120249273,0.09786392107196047,0.0,0.0
4.140009999999978,0.023213898120249273,0.09786392107196047,0.0,0.0
4.148339999999978,0.023213898120249273,0.09786392107196047,0.0,0.0
4.156669999999978,0.023213898120249273,0.09786392107196047,0.0,0.0
4.164999999999978,0.023213898120249273,0.09786392107196047,0.0,0.0
4.173329999999978,0.023213898120249273,0.09786392107196047,0.0,0.0
4.181659999999978,0.023213898120249273,0.09786392107196047,0.0,0.0
4.189989999999978,0.023213898120249273,0.09786392107196047,0.0,0.0
4.198319999999978,0.023213898120249273,0.09786392107196047,0.0,0.0
4.206649999999978,0.023213898120249273,0.09786392107196047,0.0,0.0
4.2149799999999775,0.023213898120249273,0.09786392107196047,0.0,0.0
4.2233099999999775,0.023213898120249273,0.09786392107196047,0.0,0.0
4.231639999999977,0.023213898120249273,0.09786392107196047,0.0,0.0
4.239969999999977,0.023213898120249273,0.09786392107196047,0.0,0.0
4.248299999999977,0.023213898120249273,0.09786392107196047,0.0,0.0
4.256629999999977,0.023213898120249273,0.09786392107196047,0.0,0.0
4.264959999999977,0.023213898120249273,0.09786392107196047,0.0,0.0
4.273289999999977,0.023213898120249273,0.09786392107196047,0.0,0.0
4.281619999999977,0.023213898120249273,0.09786392107196047,0.0,0.0
4.289949999999977,0.023213898120249273,0.09786392107196047,0.0,0.0
4.298279999999977,0.023213898120249273,0.09786392107196047,0.0,0.0
4.306609999999977,0.023213898120249273,0.09786392107196047,0.0,0.0
4.314939999999977,0.023213898120249273,0.09786392107196047,0.0,0.0
4.323269999999977,0.023213898120249273,0.09786392107196047,0.0,0.0
4.331599999999977,0.023213898120249273,0.09786392107196047,0.0,0.0
4.339929999999977,0.023213898120249273,0.09786392107196047,0.0,0.0
4.348259999999977,0.023213898120249273,0.09786392107196047,0.0,0.0
4.356589999999977,0.023213898120249273,0.09786392107196047,0.0,0.0
4.364919999999977,0.023213898120249273,0.09786392107196047,0.0,0.0
4.3732499999999765,0.023213898120249273,0.09786392107196047,0.0,0.0
4.3815799999999765,0.023213898120249273,0.09786392107196047,0.0,0.0
4.389909999999976,0.023213898120249273,0.09786392107196047,0.0,0.0
4.398239999999976,0.023213898120249273,0.09786392107196047,0.0,0.0
4.406569999999976,0.023213898120249273,0.09786392107196047,0.0,0.0
4.414899999999976,0.023213898120249273,0.09786392107196047,0.0,0.0
4.423229999999976,0.023213898120249273,0.09786392107196047,0.0,0.0
4.431559999999976,0.023213898120249273,0.09786392107196047,0.0,0.0
4.439889999999976,0.023213898120249273,0.09786392107196047,0.0,0.0
4.448219999999976,0.023213898120249273,0.09786392107196047,0.0,0.0
4.456549999999976,0.023213898120249273,0.09786392107196047,0.0,0.0
4.464879999999976,0.023213898120249273,0.09786392107196047,0.0,0.0
4.473209999999976,0.023213898120249273,0.09786392107196047,0.0,0.0
4.481539999999976,0.023213898120249273,0.09786392107196047,0.0,0.0
4.489869999999976,0.023213898120249273,0.09786392107196047,0.0,0.0
4.498199999999976,0.023213898120249273,0.09786392107196047,0.0,0.0
4.506529999999976,0.023213898120249273,0.09786392107196047,0.0,0.0
4.514859999999976,0.023213898120249273,0.09786392107196047,0.0,0.0
4.523189999999976,0.023213898120249273,0.09786392107196047,0.0,0.0
4.531519999999976,0.023213898120249273,0.09786392107196047,0.0,0.0
4.5398499999999755,0.023213898120249273,0.09786392107196047,0.0,0.0
4.5481799999999755,0.023213898120249273,0.09786392107196047,0.0,0.0
4.556509999999975,0.023213898120249273,0.09786392107196047,0.0,0.0
4.564839999999975,0.023213898120249273,0.09786392107196047,0.0,0.0
4.573169999999975,0.023213898120249273,0.09786392107196047,0.0,0.0
4.581499999999975,0.023213898120249273,0.09786392107196047,0.0,0.0
4.589829999999975,0.023213898120249273,0.09786392107196047,0.0,0.0
4.598159999999975,0.023213898120249273,0.09786392107196047,0.0,0.0
4.606489999999975,0.023213898120249273,0.09786392107196047,0.0,0.0
4.614819999999975,0.023213898120249273,0.09786392107196047,0.0,0.0
4.623149999999975,0.023213898120249273,0.09786392107196047,0.0,0.0
4.631479999999975,0.023213898120249273,0.09786392107196047,0.0,0.0
4.639809999999975,0.023213898120249273,0.09786392107196047,0.0,0.0
4.648139999999975,0.023213898120249273,0.09786392107196047,0.0,0.0
4.656469999999975,0.023213898120249273,0.09786392107196047,0.0,0.0
4.664799999999975,0.023213898120249273,0.09786392107196047,0.0,0.0
4.673129999999975,0.023213898120249273,0.09786392107196047,0.0,0.0
4.681459999999975,0.023213898120249273,0.09786392107196047,0.0,0.0
4.689789999999975,0.023213898120249273,0.09786392107196047,0.0,0.0
4.6981199999999745,0.023213898120249273,0.09786392107196047,0.0,0.0
4.7064499999999745,0.023213898120249273,0.09786392107196047,0.0,0.0
4.714779999999974,0.023213898120249273,0.09786392107196047,0.0,0.0
4.723109999999974,0.023213898120249273,0.09786392107196047,0.0,0.0
4.731439999999974,0.023213898120249273,0.09786392107196047,0.0,0.0
4.739769999999974,0.023213898120249273,0.09786392107196047,0.0,0.0
4.748099999999974,0.023213898120249273,0.09786392107196047,0.0,0.0
4.756429999999974,0.023213898120249273,0.09786392107196047,0.0,0.0
4.764759999999974,0.023213898120249273,0.09786392107196047,0.0,0.0
4.773089999999974,0.023213898120249273,0.09786392107196047,0.0,0.0
4.781419999999974,0.023213898120249273,0.09786392107196047,0.0,0.0
4.789749999999974,0.023213898120249273,0.09786392107196047,0.0,0.0
4.798079999999974,0.023213898120249273,0.09786392107196047,0.0,0.0
4.806409999999974,0.023213898120249273,0.09786392107196047,0.0,0.0
4.814739999999974,0.023213898120249273,0.09786392107196047,0.0,0.0
4.823069999999974,0.023213898120249273,0.09786392107196047,0.0,0.0
4.831399999999974,0.023213898120249273,0.09786392107196047,0.0,0.0
4.839729999999974,0.023213898120249273,0.09786392107196047,0.0,0.0
4.848059999999974,0.023213898120249273,0.09786392107196047,0.0,0.0
4.856389999999974,0.023213898120249273,0.09786392107196047,0.0,0.0
4.8647199999999735,0.023213898120249273,0.09786392107196047,0.0,0.0
4.8730499999999735,0.023213898120249273,0.09786392107196047,0.0,0.0
4.881379999999973,0.023213898120249273,0.09786392107196047,0.0,0.0
4.889709999999973,0.023213898120249273,0.09786392107196047,0.0,0.0
4.898039999999973,0.023213898120249273,0.09786392107196047,0.0,0.0
4.906369999999973,0.023213898120249273,0.09786392107196047,0.0,0.0
4.914699999999973,0.023213898120249273,0.09786392107196047,0.0,0.0
4.923029999999973,0.023213898120249273,0.09786392107196047,0.0,0.0
4.931359999999973,0.023213898120249273,0.09786392107196047,0.0,0.0
4.939689999999973,0.023213898120249273,0.09786392107196047,0.0,0.0
4.948019999999973,0.023213898120249273,0.09786392107196047,0.0,0.0
4.956349999999973,0.023213898120249273,0.09786392107196047,0.0,0.0
4.964679999999973,0.023213898120249273,0.09786392107196047,0.0,0.0
4.973009999999973,0.023213898120249273,0.09786392107196047,0.0,0.0
4.981339999999973,0.023213898120249273,0.09786392107196047,0.0,0.0
4.989669999999973,0.023213898120249273,0.09786392107196047,0.0,0.0
4.997999999999973,0.023213898120249273,0.09786392107196047,0.0,0.0
